[
    {
    "TrainerName":"Eminem",
     "Course":"Spring ",
     "Rating": 2,
     "Duration": "10days",
    "Completion":25,
    "Trainings" : 8,
    "Price": 10000
    },
    {
    "TrainerName":"Ram", 
     "Course":"NodeJS ",
    "Rating": 3,
    "Duration": "8days",
    "Completion": 55,
    "Trainings" : 3,
    "Price": 9000
    },
    {
    "TrainerName":"Lee ",
     "Course":"ReactJS ",
     "Rating": 4,
     "Duration": "28days",
     "Completion": 85,
     "Trainings" : 2,
     "Price": 13000
    },
    {
    "TrainerName":"MC Sher",
     "Course":"AngularJS",
     "Rating": 5,
     "Duration": "15days",
     "Completion": 95,
     "Trainings" : 8,
     "Price": 8500
    },
    {
      "TrainerName":"Jeeva",
      "Course":"Java",
      "Rating":4,
      "Duration": "8days",
      "Completion": 100,
      "Trainings" : 3,
      "Price": 9000
    },
    {
      "TrainerName":"Sriram",
      "Course":"SQL",
      "Rating":5,
      "Duration": "10days",
      "Completion":100,
      "Trainings" : 8,
      "Price": 10000
    }
  ]